{
  "integrations": [
    {
      "id": "a35af039-caf7-4e3b-ab0d-56b01c332132",
      "name": "LogicMonitor Alerts",
      "action": "CREATE_EVENT",
      "type": "INBOUND_WEBHOOK",
      "deployed": true,
      "form": "39194e3a-cb5f-4ad5-b5c1-3ff09f68d323",
      "script": "var util = require('util');\nvar LogicMonitorAPI = require('LogicMonitorAPI');\n\n// Parse incoming data \nvar data = JSON.parse(request.body);\nconsole.log(\"ALERT DATA: \" +  JSON.stringify(data));\n\n// Ignore test notification\nif (data.status === 'test') {\n    console.log('Received Test Connection request from LogiMonitor. No event will be created.');\n    return;\n}\n\n\n// If the Problem is resolved, terminate the associated xMatters event\n// otherwise create a new xMatters event\nif (data.status === 'clear' || (data.status === 'ack' && !data.message.startsWith(\"A new comment is added\") && data.message.startsWith(\"Alert \"))) {\n\n    console.log('Terminating any previous events for requestId: ' + data.requestId);\n    var terminatePayload = {};\n    terminatePayload['alertid#' + constants.LANGUAGE.toLowerCase()] = data.alertid;\n    util.terminateEvents(terminatePayload);\n\n}\nelse if (data.status === 'ack' && data.message.startsWith(\"A new comment is added\") && !data.message.startsWith(\"Alert \")){\n    \n    console.log(\"Comment/note added from LogicMonitor, do not create or terminate xMatters Alert.\");\n    return;\n    \n}\nelse {\n\n   // Get xMatters Recipient from LogicMonitor Custom Property named \"xMattersGroup\"\n   var recipients = [];\n   recipients.push({'id':  data.xMattersGroup, 'recipientType' : 'GROUP'});\n   trigger.recipients = recipients;\n \n    \n    // Set up the payload\n    var properties = data;\n    var statusupper = data.status;\n    properties.status =  statusupper.toUpperCase();\n\n    trigger.properties = properties;\n    \n    trigger.responseOptions = [\n        {\n            number: 1,\n            text: \"Acknowledge\",\n            description: \"Acknowledge\",\n            prompt: \"Acknowledge\",\n            action: \"END\",\n            contribution: \"POSITIVE\",\n            redirectUrl: data.logicmonitor_url,\n            allowComments: false,\n        },\n        {\n            number: 2,\n            text: \"Add a Note\",\n            description: \"Add a Note\",\n            prompt: \"Add a Note\",\n            action: \"RECORD_RESPONSE\",\n            contribution: \"NEUTRAL\",\n            allowComments: true,\n        },\n        {\n            number: 3,\n            text: \"Escalate\",\n            description: \"Escalate\",\n            prompt: \"Escalate\",\n            action: \"ESCALATE\",\n            contribution: \"NEGATIVE\",\n            allowComments: false,\n        }\n    ];\n    \n    \n    var response = form.post(trigger);\n\n\n    // Handle the response\n    if (util.isValidStatusCode(response.statusCode)) {\n        console.log(\"Inbound LogicMonitor Alerts succeeded with response: \" + JSON.stringify(response));\n\n       // Create LogicMonitor Note that this has been sent to xMatters.       \n       \n       //Get current time\n        var today = new Date();\n        var date = today.getFullYear()+'-'+(today.getMonth()+1)+'-'+today.getDate();\n        var time = today.getHours() + \":\" + today.getMinutes() + \":\" + today.getSeconds();\n        \n        var dateTime = date+' '+time;\n        \n            \n        // Prepare the HTTP request body/data\n        var post = {};\n        post.ackComment =  dateTime + \": xMatters Integration Triggered.\";\n        \n        var http_verb = \"POST\";\n        var resource_path =  \"/alert/alerts/\" + data.alertid + \"/note\";\n        var parameters = \"\";\n        \n       // Post to LogicMonitor API\n        var response = LogicMonitorAPI.LMAPI(http_verb, resource_path, parameters, post );\n\n    \n            // Handle the response\n            if( response.errmsg == \"OK\" ) {\n                console.log( 'LogicMonitor comment creation succeeded with response' );\n                console.log( JSON.stringify( response ) );\n            } else {\n                console.log( 'LogicMonitor comment creation failed with response: ' + JSON.stringify( response ) );\n                throw response;\n            }\n\n        \n        \n    } else {\n        console.log(\"Inbound LogicMonitor Alerts failed with response: \" + JSON.stringify(response));\n        throw response;\n    }\n    \n    \n    \n}",
      "environment": "HOSTED",
      "authType": "URL"
    },
    {
      "id": "75c74494-d653-444f-9c32-d568171f872f",
      "name": "LogicMonitor Alerts - Outbound Comments",
      "action": "RUN_SCRIPT",
      "type": "OUTBOUND_WEBHOOK",
      "triggeredBy": "ANNOTATION",
      "deployed": true,
      "form": "39194e3a-cb5f-4ad5-b5c1-3ff09f68d323",
      "script": "/* \nLogicMonitor Rest API Document for adding a note to an Alert\nhttps://www.logicmonitor.com/support/rest-api-developers-guide/v1/alerts/add-a-note-to-an-alert/\n*/\n\nvar util = require('util');\nvar LogicMonitorAPI = require('LogicMonitorAPI');\n \n\n// Parse incoming data \nvar callback = JSON.parse(request.body);\nconsole.log('Executing outbound integration for xMatters event ID: ' + JSON.stringify(callback));\n\n\n\n// Convert list of event properties to an eventProperties object\nif (callback.eventProperties && Array.isArray(callback.eventProperties)) {\n    var eventProperties = callback.eventProperties;\n    callback.eventProperties = {};\n\n    for (var i = 0; i < eventProperties.length; i++) {\n        var eventProperty = eventProperties[i];\n        var key = Object.keys(eventProperty)[0];\n        callback.eventProperties[key] = eventProperty[key];\n    }\n}\n\n\n        var http_verb = \"GET\";\n        var resource_path =  \"/alert/alerts\";\n        var parameters = \"?filter=internalId~\" + callback.eventProperties.alertid;\n        var post = \"\";\n        \n        // Get to LogicMonitor API\n        var note = LogicMonitorAPI.LMAPI(http_verb, resource_path, parameters, post );\n\n\n    // Handle the response\n    if( note.errmsg == \"OK\" ) {\n        console.log( 'LogicMonitor get existing note succeeded with response: ' );\n        console.log( JSON.stringify( note ) );\n        \n        var notepost =  \"\\n\" + note.data.items[0].ackComment;\n        \n    } else {\n        console.log( 'LogicMonitor note not propery received. Will add new note and skip existing note: ' + JSON.stringify( note ) );\n        var notepost = \"\";\n      \n    }\n\nvar today = new Date();\nvar date = today.getFullYear()+'-'+(today.getMonth()+1) + '-' + today.getDate();\nvar time = today.getHours() + \":\" + today.getMinutes() + \":\" + today.getSeconds();\nvar dateTime = date+' '+time;\n\n\n\nif (callback.response.response === \"Acknowledge\") {\n\n    // Prepare the HTTP request body/data\n    var post = {};\n    post.ackComment =  dateTime + \": xMatters (\" + callback.author.targetName + \"): Acknowledge - \" + callback.comment + notepost;\n    \n}\nelse {\n    \n    // Prepare the HTTP request body/data\n    var post = {};\n    post.ackComment =  dateTime + \": xMatters (\" + callback.author.targetName + \") responded with Add a Note: \" + callback.comment + notepost;\n  \n}\n\n\n    // Get the HTTP method from the request\n    var http_verb = \"POST\";\n       \n    // Extract the resource path from the request URL\n    var resource_path = \"/alert/alerts/\" + callback.eventProperties.alertid + \"/note\";\n    var parameters = \"\";\n         \n    // Post to LogicMonitor API\n    var response = LogicMonitorAPI.LMAPI(http_verb, resource_path, parameters, post );\n\n    \n    // Handle the response\n    if( response.errmsg == \"OK\" ) {\n        console.log( 'LogicMonitor comment creation succeeded with response' );\n        console.log( JSON.stringify( response ) );\n    } else {\n        console.log( 'LogicMonitor comment creation failed with response: ' + JSON.stringify( response ) );\n        throw response;\n    }",
      "environment": "HOSTED",
      "authType": "NONE"
    },
    {
      "id": "68d8f249-35d4-4cae-a93c-9339ec48b691",
      "name": "LogicMonitor Alerts - Outbound Notification Responses",
      "action": "RUN_SCRIPT",
      "type": "OUTBOUND_WEBHOOK",
      "triggeredBy": "RESPONSE",
      "deployed": true,
      "form": "39194e3a-cb5f-4ad5-b5c1-3ff09f68d323",
      "script": "/* \nLogicMonitor Rest API Document for adding a note to an Alert\nhttps://www.logicmonitor.com/support/rest-api-developers-guide/v1/alerts/add-a-note-to-an-alert/\n*/\n\nvar util = require('util');\nvar LogicMonitorAPI = require('LogicMonitorAPI');\n \n\n// Parse incoming data \nvar callback = JSON.parse(request.body);\nconsole.log('Executing outbound integration for xMatters event ID: ' + JSON.stringify(callback));\n\n// Convert list of event properties to an eventProperties object\nif (callback.eventProperties && Array.isArray(callback.eventProperties)) {\n    var eventProperties = callback.eventProperties;\n    callback.eventProperties = {};\n\n    for (var i = 0; i < eventProperties.length; i++) {\n        var eventProperty = eventProperties[i];\n        var key = Object.keys(eventProperty)[0];\n        callback.eventProperties[key] = eventProperty[key];\n    }\n}\n\n        var http_verb = \"GET\";\n        var resource_path =  \"/alert/alerts\";\n        var parameters = \"?filter=internalId~\" + callback.eventProperties.alertid;\n        var post = \"\";\n        \n        // Get to LogicMonitor API\n        var note = LogicMonitorAPI.LMAPI(http_verb, resource_path, parameters, post );\n \n    \n    // Handle the response\n    if( note.errmsg == \"OK\" ) {\n       console.log( 'LogicMonitor get existing note succeeded with response: ' );\n       console.log( JSON.stringify( note ) );\n\n       var notepost =  \"\\n\" + note.data.items[0].ackComment;\n        \n    } else {\n        console.log( 'LogicMonitor not not propery received. Will add new note and skip existing note: ' + JSON.stringify( note ) );\n     \n        var notepost = \"\";\n      \n    }\n\nvar today = new Date();\nvar date = today.getFullYear()+'-'+(today.getMonth()+1)+'-'+today.getDate();\nvar time = today.getHours() + \":\" + today.getMinutes() + \":\" + today.getSeconds();\nvar dateTime = date+' '+time;\n\n\n\n\n// Acknowledge alert\nif (callback.response === \"Acknowledge\"){\n    \n    \n    //Set up LogicMonitor Authentication\n    \n    // Prepare the HTTP request body\n    var post = {};\n    post.ackComment =  dateTime + \": xMatters (\" + callback.recipient + \") responded with \" + callback.response + \".\" + notepost;\n             \n    // Get the HTTP method from the request\n    var http_verb = \"POST\";\n       \n    // Extract the resource path from the request URL\n    var resource_path = \"/alert/alerts/\" + callback.eventProperties.alertid + \"/ack\";\n    var parameters = \"\";\n    \n    // Post to LogicMonitor API\n    var response = LogicMonitorAPI.LMAPI(http_verb, resource_path, parameters, post );\n \n \n    console.log( \"Alert ACK Response: \" + JSON.stringify( response ) );\n     \n    // Handle the response\n    if( response.errmsg == \"OK\" ) {\n\n \n         // Alert already acknowledged in LogicMonitor just add a note.\n         if (response.errmsg === \"This alert has already been acknowledged\") {\n\n               //Set up LogicMonitor Authentication\n                \n               // Prepare the HTTP request body\n               var post = {};\n               post.ackComment = dateTime + \": xMatters (\" + callback.recipient + \") responded with \" + callback.response + \". Alert was already acknowledged in LogicMonitor.\" + notepost;\n                      \n                // Get the HTTP method from the request\n                var http_verb = \"POST\";\n                   \n                // Extract the resource path from the request URL\n                var resource_path = \"/alert/alerts/\" + callback.eventProperties.alertid + \"/note\";\n                var parameters = \"\";\n                \n                // Post to LogicMonitor API\n                var response = LogicMonitorAPI.LMAPI(http_verb, resource_path, parameters, post );\n                  \n    \n                    // Handle the response\n                    if( response.errmsg == \"OK\" ) {\n                        console.log( 'LogicMonitor response updated in notes succeeded with response' );\n                        console.log( JSON.stringify( response ) );\n                    } else {\n                        console.log( 'LogicMonitorresponse updated in notes failed with response: ' + JSON.stringify( response ) );\n                        throw response;\n                    }\n                \n         }\n        \n        console.log( 'LogicMonitor Alert Acknowledged succeeded with response' );\n        console.log( JSON.stringify( response ) );\n        // If user added Comment is added by Comment outbound integraion.\n    } else {\n        console.log( 'LogicMonitor Alert Acknowledged failed with response: ' + JSON.stringify( response ) );\n               console.log( \"INSIDE ACK Error\" );\n        throw JSON.stringify(response);\n \n    }\n\n    \n\n}\n// Add comment about the response but do not acknowledge alert\n// Do not add the actual comment, let the comment trigger do that.\nif (callback.response === \"Escalate\" ){\n  \n  \n  \n     // Prepare the HTTP request body\n    var post = {};\n    post.ackComment =  dateTime + \": xMatters (\" + callback.recipient + \") responded with \" + callback.response + \".\" + notepost;\n     \n     // Get the HTTP method from the request\n    var http_verb = \"POST\";\n       \n    // Extract the resource path from the request URL\n    var resource_path = \"/alert/alerts/\" + callback.eventProperties.alertid + \"/note\";\n    var parameters = \"\";\n    \n    // Post to LogicMonitor API\n    var response = LogicMonitorAPI.LMAPI(http_verb, resource_path, parameters, post );\n \n    \n    // Handle the response\n    if( response.errmsg == \"OK\" ) {\n        console.log( 'LogicMonitor response updated in notes succeeded with response' );\n        console.log( JSON.stringify( response ) );\n    } else {\n        console.log( 'LogicMonitorresponse updated in notes failed with response: ' + JSON.stringify( response ) );\n        throw response;\n    }\n\n    \n\n    \n}\n// Response: Add a Note. Let comments trigger add the note to logic monitor.\n// We assume that if add a note is clicked the user actually adds a note.\n// This method is used because the note gets overwritten because in order to write to notes we have to get them from LogicMonitor first.\n// When we get them the response trigger and comment trigger comete with eachother and ultimately over write one or the other.\nif (callback.response === \"Add a Note\") {\n   console.log( 'Letting Response Trigger add note to logicmonitor.');\n    \n\n}\n\n\n\n",
      "environment": "HOSTED",
      "authType": "NONE"
    }
  ],
  "endpoints": [
    {
      "name": "LogicMonitor",
      "baseUrl": "https://customer.logicmonitor.com/santaba/rest",
      "type": "EXTERNAL",
      "authentication": "NO_AUTH"
    }
  ],
  "constants": [
    {
      "name": "LANGUAGE",
      "value": "EN",
      "description": "The xMatters Language code to add to property name in payload."
    },
    {
      "name": "LogicMonitor Access ID",
      "description": "Your LogicMonitor Access ID"
    },
    {
      "name": "LogicMonitor Access Key",
      "description": "Your LogicMonitor Access Key"
    }
  ]
}